--
-- PostgreSQL database dump
--

-- Dumped from database version 16.1
-- Dumped by pg_dump version 16.1

SET statement_timeout = 0;
SET lock_timeout = 0;
SET idle_in_transaction_session_timeout = 0;
SET client_encoding = 'UTF8';
SET standard_conforming_strings = on;
SELECT pg_catalog.set_config('search_path', '', false);
SET check_function_bodies = false;
SET xmloption = content;
SET client_min_messages = warning;
SET row_security = off;

SET default_tablespace = '';

SET default_table_access_method = heap;

--
-- Name: auth_group; Type: TABLE; Schema: public; Owner: Goku
--

CREATE TABLE public.auth_group (
    id integer NOT NULL,
    name character varying(150) NOT NULL
);


ALTER TABLE public.auth_group OWNER TO "Goku";

--
-- Name: auth_group_id_seq; Type: SEQUENCE; Schema: public; Owner: Goku
--

ALTER TABLE public.auth_group ALTER COLUMN id ADD GENERATED BY DEFAULT AS IDENTITY (
    SEQUENCE NAME public.auth_group_id_seq
    START WITH 1
    INCREMENT BY 1
    NO MINVALUE
    NO MAXVALUE
    CACHE 1
);


--
-- Name: auth_group_permissions; Type: TABLE; Schema: public; Owner: Goku
--

CREATE TABLE public.auth_group_permissions (
    id bigint NOT NULL,
    group_id integer NOT NULL,
    permission_id integer NOT NULL
);


ALTER TABLE public.auth_group_permissions OWNER TO "Goku";

--
-- Name: auth_group_permissions_id_seq; Type: SEQUENCE; Schema: public; Owner: Goku
--

ALTER TABLE public.auth_group_permissions ALTER COLUMN id ADD GENERATED BY DEFAULT AS IDENTITY (
    SEQUENCE NAME public.auth_group_permissions_id_seq
    START WITH 1
    INCREMENT BY 1
    NO MINVALUE
    NO MAXVALUE
    CACHE 1
);


--
-- Name: auth_permission; Type: TABLE; Schema: public; Owner: Goku
--

CREATE TABLE public.auth_permission (
    id integer NOT NULL,
    name character varying(255) NOT NULL,
    content_type_id integer NOT NULL,
    codename character varying(100) NOT NULL
);


ALTER TABLE public.auth_permission OWNER TO "Goku";

--
-- Name: auth_permission_id_seq; Type: SEQUENCE; Schema: public; Owner: Goku
--

ALTER TABLE public.auth_permission ALTER COLUMN id ADD GENERATED BY DEFAULT AS IDENTITY (
    SEQUENCE NAME public.auth_permission_id_seq
    START WITH 1
    INCREMENT BY 1
    NO MINVALUE
    NO MAXVALUE
    CACHE 1
);


--
-- Name: authtoken_token; Type: TABLE; Schema: public; Owner: Goku
--

CREATE TABLE public.authtoken_token (
    key character varying(40) NOT NULL,
    created timestamp with time zone NOT NULL,
    user_id bigint NOT NULL
);


ALTER TABLE public.authtoken_token OWNER TO "Goku";

--
-- Name: django_admin_log; Type: TABLE; Schema: public; Owner: Goku
--

CREATE TABLE public.django_admin_log (
    id integer NOT NULL,
    action_time timestamp with time zone NOT NULL,
    object_id text,
    object_repr character varying(200) NOT NULL,
    action_flag smallint NOT NULL,
    change_message text NOT NULL,
    content_type_id integer,
    user_id bigint NOT NULL,
    CONSTRAINT django_admin_log_action_flag_check CHECK ((action_flag >= 0))
);


ALTER TABLE public.django_admin_log OWNER TO "Goku";

--
-- Name: django_admin_log_id_seq; Type: SEQUENCE; Schema: public; Owner: Goku
--

ALTER TABLE public.django_admin_log ALTER COLUMN id ADD GENERATED BY DEFAULT AS IDENTITY (
    SEQUENCE NAME public.django_admin_log_id_seq
    START WITH 1
    INCREMENT BY 1
    NO MINVALUE
    NO MAXVALUE
    CACHE 1
);


--
-- Name: django_content_type; Type: TABLE; Schema: public; Owner: Goku
--

CREATE TABLE public.django_content_type (
    id integer NOT NULL,
    app_label character varying(100) NOT NULL,
    model character varying(100) NOT NULL
);


ALTER TABLE public.django_content_type OWNER TO "Goku";

--
-- Name: django_content_type_id_seq; Type: SEQUENCE; Schema: public; Owner: Goku
--

ALTER TABLE public.django_content_type ALTER COLUMN id ADD GENERATED BY DEFAULT AS IDENTITY (
    SEQUENCE NAME public.django_content_type_id_seq
    START WITH 1
    INCREMENT BY 1
    NO MINVALUE
    NO MAXVALUE
    CACHE 1
);


--
-- Name: django_migrations; Type: TABLE; Schema: public; Owner: Goku
--

CREATE TABLE public.django_migrations (
    id bigint NOT NULL,
    app character varying(255) NOT NULL,
    name character varying(255) NOT NULL,
    applied timestamp with time zone NOT NULL
);


ALTER TABLE public.django_migrations OWNER TO "Goku";

--
-- Name: django_migrations_id_seq; Type: SEQUENCE; Schema: public; Owner: Goku
--

ALTER TABLE public.django_migrations ALTER COLUMN id ADD GENERATED BY DEFAULT AS IDENTITY (
    SEQUENCE NAME public.django_migrations_id_seq
    START WITH 1
    INCREMENT BY 1
    NO MINVALUE
    NO MAXVALUE
    CACHE 1
);


--
-- Name: django_session; Type: TABLE; Schema: public; Owner: Goku
--

CREATE TABLE public.django_session (
    session_key character varying(40) NOT NULL,
    session_data text NOT NULL,
    expire_date timestamp with time zone NOT NULL
);


ALTER TABLE public.django_session OWNER TO "Goku";

--
-- Name: posts_comment; Type: TABLE; Schema: public; Owner: Goku
--

CREATE TABLE public.posts_comment (
    id bigint NOT NULL,
    created_at timestamp with time zone NOT NULL,
    updated_at timestamp with time zone NOT NULL,
    body text NOT NULL,
    "like" integer,
    dislike integer,
    upvote integer,
    created_by_id bigint NOT NULL,
    sub_comments_id bigint,
    post_id bigint NOT NULL,
    CONSTRAINT posts_comment_dislike_check CHECK ((dislike >= 0)),
    CONSTRAINT posts_comment_like_check CHECK (("like" >= 0)),
    CONSTRAINT posts_comment_upvote_check CHECK ((upvote >= 0))
);


ALTER TABLE public.posts_comment OWNER TO "Goku";

--
-- Name: posts_comment_id_seq; Type: SEQUENCE; Schema: public; Owner: Goku
--

ALTER TABLE public.posts_comment ALTER COLUMN id ADD GENERATED BY DEFAULT AS IDENTITY (
    SEQUENCE NAME public.posts_comment_id_seq
    START WITH 1
    INCREMENT BY 1
    NO MINVALUE
    NO MAXVALUE
    CACHE 1
);


--
-- Name: posts_post; Type: TABLE; Schema: public; Owner: Goku
--

CREATE TABLE public.posts_post (
    id bigint NOT NULL,
    created_at timestamp with time zone NOT NULL,
    updated_at timestamp with time zone NOT NULL,
    body text NOT NULL,
    image character varying(100),
    title character varying(150),
    created_by_id bigint NOT NULL,
    angry integer,
    dislike integer,
    "like" integer,
    loved integer,
    ok integer,
    CONSTRAINT posts_post_angry_check CHECK ((angry >= 0)),
    CONSTRAINT posts_post_dislike_check CHECK ((dislike >= 0)),
    CONSTRAINT posts_post_like_check CHECK (("like" >= 0)),
    CONSTRAINT posts_post_loved_check CHECK ((loved >= 0)),
    CONSTRAINT posts_post_ok_check CHECK ((ok >= 0))
);


ALTER TABLE public.posts_post OWNER TO "Goku";

--
-- Name: posts_post_id_seq; Type: SEQUENCE; Schema: public; Owner: Goku
--

ALTER TABLE public.posts_post ALTER COLUMN id ADD GENERATED BY DEFAULT AS IDENTITY (
    SEQUENCE NAME public.posts_post_id_seq
    START WITH 1
    INCREMENT BY 1
    NO MINVALUE
    NO MAXVALUE
    CACHE 1
);


--
-- Name: posts_thread; Type: TABLE; Schema: public; Owner: Goku
--

CREATE TABLE public.posts_thread (
    id bigint NOT NULL,
    sub_url character varying(50) NOT NULL,
    post_id bigint NOT NULL
);


ALTER TABLE public.posts_thread OWNER TO "Goku";

--
-- Name: posts_thread_id_seq; Type: SEQUENCE; Schema: public; Owner: Goku
--

ALTER TABLE public.posts_thread ALTER COLUMN id ADD GENERATED BY DEFAULT AS IDENTITY (
    SEQUENCE NAME public.posts_thread_id_seq
    START WITH 1
    INCREMENT BY 1
    NO MINVALUE
    NO MAXVALUE
    CACHE 1
);


--
-- Name: user_follower; Type: TABLE; Schema: public; Owner: Goku
--

CREATE TABLE public.user_follower (
    id bigint NOT NULL,
    followed_at timestamp with time zone NOT NULL,
    follower_id bigint NOT NULL,
    user_id bigint NOT NULL
);


ALTER TABLE public.user_follower OWNER TO "Goku";

--
-- Name: user_follower_id_seq; Type: SEQUENCE; Schema: public; Owner: Goku
--

ALTER TABLE public.user_follower ALTER COLUMN id ADD GENERATED BY DEFAULT AS IDENTITY (
    SEQUENCE NAME public.user_follower_id_seq
    START WITH 1
    INCREMENT BY 1
    NO MINVALUE
    NO MAXVALUE
    CACHE 1
);


--
-- Name: user_user; Type: TABLE; Schema: public; Owner: Goku
--

CREATE TABLE public.user_user (
    id bigint NOT NULL,
    password character varying(128) NOT NULL,
    last_login timestamp with time zone,
    is_superuser boolean NOT NULL,
    username character varying(150) NOT NULL,
    first_name character varying(150) NOT NULL,
    last_name character varying(150) NOT NULL,
    email character varying(254) NOT NULL,
    is_staff boolean NOT NULL,
    is_active boolean NOT NULL,
    date_joined timestamp with time zone NOT NULL,
    role character varying(4) NOT NULL,
    profile character varying(100),
    biography character varying(200),
    website_url character varying(200),
    website_name character varying(50)
);


ALTER TABLE public.user_user OWNER TO "Goku";

--
-- Name: user_user_groups; Type: TABLE; Schema: public; Owner: Goku
--

CREATE TABLE public.user_user_groups (
    id bigint NOT NULL,
    user_id bigint NOT NULL,
    group_id integer NOT NULL
);


ALTER TABLE public.user_user_groups OWNER TO "Goku";

--
-- Name: user_user_groups_id_seq; Type: SEQUENCE; Schema: public; Owner: Goku
--

ALTER TABLE public.user_user_groups ALTER COLUMN id ADD GENERATED BY DEFAULT AS IDENTITY (
    SEQUENCE NAME public.user_user_groups_id_seq
    START WITH 1
    INCREMENT BY 1
    NO MINVALUE
    NO MAXVALUE
    CACHE 1
);


--
-- Name: user_user_id_seq; Type: SEQUENCE; Schema: public; Owner: Goku
--

ALTER TABLE public.user_user ALTER COLUMN id ADD GENERATED BY DEFAULT AS IDENTITY (
    SEQUENCE NAME public.user_user_id_seq
    START WITH 1
    INCREMENT BY 1
    NO MINVALUE
    NO MAXVALUE
    CACHE 1
);


--
-- Name: user_user_user_permissions; Type: TABLE; Schema: public; Owner: Goku
--

CREATE TABLE public.user_user_user_permissions (
    id bigint NOT NULL,
    user_id bigint NOT NULL,
    permission_id integer NOT NULL
);


ALTER TABLE public.user_user_user_permissions OWNER TO "Goku";

--
-- Name: user_user_user_permissions_id_seq; Type: SEQUENCE; Schema: public; Owner: Goku
--

ALTER TABLE public.user_user_user_permissions ALTER COLUMN id ADD GENERATED BY DEFAULT AS IDENTITY (
    SEQUENCE NAME public.user_user_user_permissions_id_seq
    START WITH 1
    INCREMENT BY 1
    NO MINVALUE
    NO MAXVALUE
    CACHE 1
);


--
-- Data for Name: auth_group; Type: TABLE DATA; Schema: public; Owner: Goku
--

COPY public.auth_group (id, name) FROM stdin;
\.


--
-- Data for Name: auth_group_permissions; Type: TABLE DATA; Schema: public; Owner: Goku
--

COPY public.auth_group_permissions (id, group_id, permission_id) FROM stdin;
\.


--
-- Data for Name: auth_permission; Type: TABLE DATA; Schema: public; Owner: Goku
--

COPY public.auth_permission (id, name, content_type_id, codename) FROM stdin;
1	Can add log entry	1	add_logentry
2	Can change log entry	1	change_logentry
3	Can delete log entry	1	delete_logentry
4	Can view log entry	1	view_logentry
5	Can add permission	2	add_permission
6	Can change permission	2	change_permission
7	Can delete permission	2	delete_permission
8	Can view permission	2	view_permission
9	Can add group	3	add_group
10	Can change group	3	change_group
11	Can delete group	3	delete_group
12	Can view group	3	view_group
13	Can add content type	4	add_contenttype
14	Can change content type	4	change_contenttype
15	Can delete content type	4	delete_contenttype
16	Can view content type	4	view_contenttype
17	Can add session	5	add_session
18	Can change session	5	change_session
19	Can delete session	5	delete_session
20	Can view session	5	view_session
21	Can add user	6	add_user
22	Can change user	6	change_user
23	Can delete user	6	delete_user
24	Can view user	6	view_user
25	Can add commenter	7	add_commenter
26	Can change commenter	7	change_commenter
27	Can delete commenter	7	delete_commenter
28	Can view commenter	7	view_commenter
29	Can add publisher	8	add_publisher
30	Can change publisher	8	change_publisher
31	Can delete publisher	8	delete_publisher
32	Can view publisher	8	view_publisher
33	Can add follower	9	add_follower
34	Can change follower	9	change_follower
35	Can delete follower	9	delete_follower
36	Can view follower	9	view_follower
37	Can add post	10	add_post
38	Can change post	10	change_post
39	Can delete post	10	delete_post
40	Can view post	10	view_post
41	Can add comment	11	add_comment
42	Can change comment	11	change_comment
43	Can delete comment	11	delete_comment
44	Can view comment	11	view_comment
45	Can add thread	12	add_thread
46	Can change thread	12	change_thread
47	Can delete thread	12	delete_thread
48	Can view thread	12	view_thread
49	Can add Token	13	add_token
50	Can change Token	13	change_token
51	Can delete Token	13	delete_token
52	Can view Token	13	view_token
53	Can add Token	14	add_tokenproxy
54	Can change Token	14	change_tokenproxy
55	Can delete Token	14	delete_tokenproxy
56	Can view Token	14	view_tokenproxy
\.


--
-- Data for Name: authtoken_token; Type: TABLE DATA; Schema: public; Owner: Goku
--

COPY public.authtoken_token (key, created, user_id) FROM stdin;
13a17cdae72b85ef772fbea7369df439207d7d24	2024-06-24 12:00:43.387296+05:30	2
500de34b86a1ac1a78444cbda0545ad80c24a5bd	2024-06-25 20:30:25.288243+05:30	3
\.


--
-- Data for Name: django_admin_log; Type: TABLE DATA; Schema: public; Owner: Goku
--

COPY public.django_admin_log (id, action_time, object_id, object_repr, action_flag, change_message, content_type_id, user_id) FROM stdin;
1	2024-06-23 15:29:48.130877+05:30	1	Maharaj (2024) WEB-DL [Hindi DD5.1] 1080p 720p & 480p [x264/HEVC] | Full Movie	1	[{"added": {}}]	10	1
2	2024-06-23 15:30:26.366583+05:30	2	Panchayat (Season 1) WEB-DL [Hindi DD5.1] 1080p 720p & 480p [x264/HEVC] HD | ALL Episodes [PrimeVideo Series]	1	[{"added": {}}]	10	1
3	2024-06-23 15:31:02.271586+05:30	3	Ishq Vishk Rebound (2024) HQ-HDTS Hindi (ORG-Line) 1080p 720p & 480p x264 | Full Movie	1	[{"added": {}}]	10	1
4	2024-06-23 15:31:28.2769+05:30	4	Panchayat (Season 2) WEB-DL [Hindi DD5.1] 1080p 720p & 480p [x264/HEVC] HD | ALL Episodes [PrimeVideo Series]	1	[{"added": {}}]	10	1
5	2024-06-23 15:32:29.439432+05:30	5	Better Call Saul (Season 6) BluRay [Hindi (ORG 2.0) & English 5.1] 1080p 720p & 480p [x264/10Bit-HEVC] | [EP-10 Added !] | TVSeries	1	[{"added": {}}]	10	1
6	2024-06-23 15:33:19.70716+05:30	1	comment on http://127.0.0.1:8000/posts/better-call-saul-season-6-hindi-bluray-all-episode	1	[{"added": {}}]	12	1
7	2024-06-23 15:33:46.732719+05:30	2	comment on http://127.0.0.1:8000/posts/panchayat-season-2-hindi-webrip-all-episodes	1	[{"added": {}}]	12	1
8	2024-06-23 15:34:04.223301+05:30	3	comment on http://127.0.0.1:8000/posts/maharaj-2024-hindi-webrip-full-movie	1	[{"added": {}}]	12	1
9	2024-06-23 15:34:33.584168+05:30	4	comment on http://127.0.0.1:8000/posts/panchayat-season-1-hindi-webrip-all-episodes	1	[{"added": {}}]	12	1
10	2024-06-23 15:35:44.132276+05:30	5	comment on http://127.0.0.1:8000/posts/ishq-vishk-rebound-2024-hdts-full-movie	1	[{"added": {}}]	12	1
11	2024-06-23 15:37:07.925126+05:30	1	comment on Panchayat (Season 2) WEB-DL [Hindi DD5.1] 1080p 720p & 480p [x264/HEVC] HD | ALL Episodes [PrimeVideo Series] this is season is mind blowing!! loved it	1	[{"added": {}}]	11	1
12	2024-06-23 15:37:47.993867+05:30	2	comment on Panchayat (Season 1) WEB-DL [Hindi DD5.1] 1080p 720p & 480p [x264/HEVC] HD | ALL Episodes [PrimeVideo Series] looks ok to watch not disappointing !	1	[{"added": {}}]	11	1
13	2024-06-23 15:38:19.943242+05:30	3	comment on Maharaj (2024) WEB-DL [Hindi DD5.1] 1080p 720p & 480p [x264/HEVC] | Full Movie nice movie !	1	[{"added": {}}]	11	1
14	2024-06-23 15:38:44.706866+05:30	4	comment on Ishq Vishk Rebound (2024) HQ-HDTS Hindi (ORG-Line) 1080p 720p & 480p x264 | Full Movie link is not working please fixed it !!	1	[{"added": {}}]	11	1
15	2024-06-23 15:39:46.861378+05:30	5	comment on Ishq Vishk Rebound (2024) HQ-HDTS Hindi (ORG-Line) 1080p 720p & 480p x264 | Full Movie another link is working fine go with that but u have to login first!	1	[{"added": {}}]	11	1
16	2024-06-23 15:40:25.694632+05:30	6	comment on Better Call Saul (Season 6) BluRay [Hindi (ORG 2.0) & English 5.1] 1080p 720p & 480p [x264/10Bit-HEVC] | [EP-10 Added !] | TVSeries nice series to watch	1	[{"added": {}}]	11	1
17	2024-06-23 15:41:01.159742+05:30	7	comment on Better Call Saul (Season 6) BluRay [Hindi (ORG 2.0) & English 5.1] 1080p 720p & 480p [x264/10Bit-HEVC] | [EP-10 Added !] | TVSeries disappointed after watching	1	[{"added": {}}]	11	1
18	2024-06-23 15:41:28.203049+05:30	8	comment on Panchayat (Season 2) WEB-DL [Hindi DD5.1] 1080p 720p & 480p [x264/HEVC] HD | ALL Episodes [PrimeVideo Series] yes bro i agreed with u !	1	[{"added": {}}]	11	1
19	2024-06-23 15:42:17.695905+05:30	9	comment on Panchayat (Season 2) WEB-DL [Hindi DD5.1] 1080p 720p & 480p [x264/HEVC] HD | ALL Episodes [PrimeVideo Series] i am now waiting for the season 3 now !	1	[{"added": {}}]	11	1
20	2024-06-23 16:27:12.833074+05:30	1	rahul	2	[{"changed": {"fields": ["Website name"]}}]	8	1
21	2024-06-23 16:27:26.070657+05:30	2	Publisher1	2	[{"changed": {"fields": ["Website name"]}}]	8	1
22	2024-06-23 16:27:44.240252+05:30	3	Publisher2	2	[{"changed": {"fields": ["Website name"]}}]	8	1
23	2024-06-23 20:10:18.804671+05:30	1	rahul	2	[{"changed": {"fields": ["Website name"]}}]	8	1
24	2024-06-23 23:29:36.502626+05:30	3	Publisher2	2	[{"changed": {"fields": ["Website url"]}}]	8	1
25	2024-06-23 23:30:32.31095+05:30	3	Publisher2	2	[{"changed": {"fields": ["Website url"]}}]	8	1
26	2024-06-23 23:30:51.810764+05:30	1	rahul	2	[{"changed": {"fields": ["Website url"]}}]	8	1
27	2024-06-25 15:12:03.965366+05:30	6	Download House of the Dragon (Season 1-2) Dual Audio [Hindi-English] WEB Series 480p | 720p | 1080p BluRay MSubs [S02E02 Added]	1	[{"added": {}}]	10	1
28	2024-06-25 15:12:44.581633+05:30	6	comment on http://127.0.0.1:8000/posts/house-of-the-dragon-season-1-dual-audio-hindi-engl	1	[{"added": {}}]	12	1
29	2024-06-25 15:27:42.338292+05:30	7	Download Defense of the Realm (1985) Dual Audio {Hindi-English} Movie 480p | 720p | 1080p Bluray ESub	1	[{"added": {}}]	10	1
30	2024-06-25 15:28:05.646355+05:30	7	Thread on http://127.0.0.1:8000/posts/defense-of-the-realm-1985-dual-audio-hindi-english	1	[{"added": {}}]	12	1
31	2024-06-25 15:28:53.697137+05:30	8	Download Mr. Wrong (Season 01) Hindi Dubbed Web Series 720p | 1080p WEB-DL ESub || [S01E16 Added]	1	[{"added": {}}]	10	1
32	2024-06-25 15:29:11.358373+05:30	8	Thread on http://127.0.0.1:8000/posts/mr-wrong-s01-hindi-dubbed-web-series	1	[{"added": {}}]	12	1
33	2024-06-25 16:23:38.937943+05:30	11	Thread on http://127.0.0.1:8000/posts/mirzapur-hindi-web-series	3		12	1
34	2024-06-25 16:23:48.369152+05:30	12	Thread on http://127.0.0.1:8000/posts/mirzapur-hindi-web-series	3		12	1
35	2024-06-25 16:24:35.411421+05:30	12	Download Mirzapur (Season 1 – 2) Hindi Amazon Prime WEB Series 480p | 720p | 1080p | 2160p WEB-DL ESub	3		10	1
36	2024-06-25 16:24:42.53465+05:30	11	Download Mirzapur (Season 1 – 2) Hindi Amazon Prime WEB Series 480p | 720p | 1080p | 2160p WEB-DL ESub	3		10	1
37	2024-06-25 17:33:16.261642+05:30	14	Download Mirzapur (Season 1 – 2) Hindi Amazon Prime WEB Series 480p | 720p | 1080p | 2160p WEB-DL ESub	3		10	1
38	2024-06-25 17:34:33.83116+05:30	15	Thread on http://127.0.0.1:8000/posts/mirzapur-hindi-web-series-download	3		12	1
39	2024-06-25 17:34:46.37208+05:30	16	Download Mirzapur (Season 1 – 2) Hindi Amazon Prime WEB Series 480p | 720p | 1080p | 2160p WEB-DL ESub	3		10	1
40	2024-06-25 20:30:25.288243+05:30	3	500de34b86a1ac1a78444cbda0545ad80c24a5bd	1	[{"added": {}}]	14	1
41	2024-06-25 22:02:34.568166+05:30	17	comment on Maharaj (2024) WEB-DL [Hindi DD5.1] 1080p 720p & 480p [x264/HEVC] | Full Movie this is sub comment added by postmann 6	3		11	1
42	2024-06-25 22:02:34.573261+05:30	16	comment on Maharaj (2024) WEB-DL [Hindi DD5.1] 1080p 720p & 480p [x264/HEVC] | Full Movie this is sub comment added by postmann 6	3		11	1
43	2024-06-25 22:02:34.573261+05:30	15	comment on Maharaj (2024) WEB-DL [Hindi DD5.1] 1080p 720p & 480p [x264/HEVC] | Full Movie this is sub comment added by postmann 6	3		11	1
44	2024-06-25 22:02:34.57637+05:30	14	comment on Maharaj (2024) WEB-DL [Hindi DD5.1] 1080p 720p & 480p [x264/HEVC] | Full Movie this is sub comment added by postmann 5	3		11	1
45	2024-06-25 22:02:34.577833+05:30	13	comment on Maharaj (2024) WEB-DL [Hindi DD5.1] 1080p 720p & 480p [x264/HEVC] | Full Movie this is sub comment added by postmann 4	3		11	1
46	2024-06-25 22:02:34.579212+05:30	12	comment on Maharaj (2024) WEB-DL [Hindi DD5.1] 1080p 720p & 480p [x264/HEVC] | Full Movie this is sub comment added by postmann 2	3		11	1
47	2024-06-25 22:02:34.579212+05:30	11	comment on Maharaj (2024) WEB-DL [Hindi DD5.1] 1080p 720p & 480p [x264/HEVC] | Full Movie this is sub comment added by postmann	3		11	1
48	2024-06-25 22:14:26.754195+05:30	23	comment on Maharaj (2024) WEB-DL [Hindi DD5.1] 1080p 720p & 480p [x264/HEVC] | Full Movie what a new comment !	3		11	1
49	2024-06-25 22:14:26.757445+05:30	22	comment on Maharaj (2024) WEB-DL [Hindi DD5.1] 1080p 720p & 480p [x264/HEVC] | Full Movie what a new comment !	3		11	1
50	2024-06-25 22:14:26.758444+05:30	21	comment on Maharaj (2024) WEB-DL [Hindi DD5.1] 1080p 720p & 480p [x264/HEVC] | Full Movie what a new comment !	3		11	1
51	2024-06-25 22:14:26.759838+05:30	20	comment on Maharaj (2024) WEB-DL [Hindi DD5.1] 1080p 720p & 480p [x264/HEVC] | Full Movie a new comment !	3		11	1
52	2024-06-25 22:14:26.761262+05:30	19	comment on Maharaj (2024) WEB-DL [Hindi DD5.1] 1080p 720p & 480p [x264/HEVC] | Full Movie this is sub comment added by postmann 10 last	3		11	1
53	2024-06-25 22:14:26.762262+05:30	18	comment on Maharaj (2024) WEB-DL [Hindi DD5.1] 1080p 720p & 480p [x264/HEVC] | Full Movie this is sub comment added by postmann 7	3		11	1
54	2024-06-25 22:14:26.763261+05:30	10	comment on Maharaj (2024) WEB-DL [Hindi DD5.1] 1080p 720p & 480p [x264/HEVC] | Full Movie this is sub comment added by postmann 4	3		11	1
\.


--
-- Data for Name: django_content_type; Type: TABLE DATA; Schema: public; Owner: Goku
--

COPY public.django_content_type (id, app_label, model) FROM stdin;
1	admin	logentry
2	auth	permission
3	auth	group
4	contenttypes	contenttype
5	sessions	session
6	user	user
7	user	commenter
8	user	publisher
9	user	follower
10	posts	post
11	posts	comment
12	posts	thread
13	authtoken	token
14	authtoken	tokenproxy
\.


--
-- Data for Name: django_migrations; Type: TABLE DATA; Schema: public; Owner: Goku
--

COPY public.django_migrations (id, app, name, applied) FROM stdin;
1	contenttypes	0001_initial	2024-06-23 15:24:55.469331+05:30
2	contenttypes	0002_remove_content_type_name	2024-06-23 15:24:55.478029+05:30
3	auth	0001_initial	2024-06-23 15:24:55.576854+05:30
4	auth	0002_alter_permission_name_max_length	2024-06-23 15:24:55.592999+05:30
5	auth	0003_alter_user_email_max_length	2024-06-23 15:24:55.606816+05:30
6	auth	0004_alter_user_username_opts	2024-06-23 15:24:55.61785+05:30
7	auth	0005_alter_user_last_login_null	2024-06-23 15:24:55.635955+05:30
8	auth	0006_require_contenttypes_0002	2024-06-23 15:24:55.641393+05:30
9	auth	0007_alter_validators_add_error_messages	2024-06-23 15:24:55.654154+05:30
10	auth	0008_alter_user_username_max_length	2024-06-23 15:24:55.674012+05:30
11	auth	0009_alter_user_last_name_max_length	2024-06-23 15:24:55.689432+05:30
12	auth	0010_alter_group_name_max_length	2024-06-23 15:24:55.706019+05:30
13	auth	0011_update_proxy_permissions	2024-06-23 15:24:55.717531+05:30
14	auth	0012_alter_user_first_name_max_length	2024-06-23 15:24:55.723591+05:30
15	user	0001_initial	2024-06-23 15:24:55.869879+05:30
16	admin	0001_initial	2024-06-23 15:24:55.949101+05:30
17	admin	0002_logentry_remove_auto_add	2024-06-23 15:24:55.97031+05:30
18	admin	0003_logentry_add_action_flag_choices	2024-06-23 15:24:56.007518+05:30
19	posts	0001_initial	2024-06-23 15:24:56.172067+05:30
20	sessions	0001_initial	2024-06-23 15:24:56.208724+05:30
21	user	0002_user_website_name	2024-06-23 16:26:09.212933+05:30
22	posts	0002_alter_comment_created_by_alter_post_created_by	2024-06-23 20:01:30.544019+05:30
23	posts	0003_post_angry_post_dislike_post_like_post_loved_post_ok	2024-06-23 23:36:25.488834+05:30
24	authtoken	0001_initial	2024-06-24 11:45:09.809202+05:30
25	authtoken	0002_auto_20160226_1747	2024-06-24 11:45:09.837981+05:30
26	authtoken	0003_tokenproxy	2024-06-24 11:45:09.840014+05:30
27	authtoken	0004_alter_tokenproxy_options	2024-06-24 11:45:09.843945+05:30
28	user	0003_alter_follower_options	2024-06-24 11:45:09.849871+05:30
29	user	0004_alter_user_managers	2024-06-25 17:32:22.445489+05:30
\.


--
-- Data for Name: django_session; Type: TABLE DATA; Schema: public; Owner: Goku
--

COPY public.django_session (session_key, session_data, expire_date) FROM stdin;
tp5qmkqc5rxbudaf8grp26gjs57dfsa5	.eJxVjEEOwiAQRe_C2hCgUMCle89AZmDGVg0kpV0Z765NutDtf-_9l0iwrVPaOi1pLuIstDj9bgj5QXUH5Q711mRudV1mlLsiD9rltRV6Xg7372CCPn1r8oiKvTKDdzEWoOCDYTsabx0TDhxHAwyasmGK6BQjqBKDRe1gBBTvD-8AOJs:1sLJyl:MKdMj45sXGSdUBvjyp78PfbvY3mizKABSVJoevtfLtQ	2024-07-07 15:27:47.315983+05:30
10d32bc3bvr4ur9ztuyw59qybyxq6nwi	.eJxVjEEOwiAQRe_C2hCgUMCle89AZmDGVg0kpV0Z765NutDtf-_9l0iwrVPaOi1pLuIstDj9bgj5QXUH5Q711mRudV1mlLsiD9rltRV6Xg7372CCPn1r8oiKvTKDdzEWoOCDYTsabx0TDhxHAwyasmGK6BQjqBKDRe1gBBTvD-8AOJs:1sLoZT:bqFDSr6gEL9pUGIaVYmRM1D8-pUBsmmcCLVJ10OeNA4	2024-07-09 00:07:43.293196+05:30
qsgnj9e62v5fyog13tql1nig2wezwts3	.eJxVjEEOwiAQRe_C2hCgUMCle89AZmDGVg0kpV0Z765NutDtf-_9l0iwrVPaOi1pLuIstDj9bgj5QXUH5Q711mRudV1mlLsiD9rltRV6Xg7372CCPn1r8oiKvTKDdzEWoOCDYTsabx0TDhxHAwyasmGK6BQjqBKDRe1gBBTvD-8AOJs:1sMC7E:MSuKqQXS-dGzuWpNVAvMB4MoMEmTrwglktISif7XY98	2024-07-10 01:16:08.23523+05:30
\.


--
-- Data for Name: posts_comment; Type: TABLE DATA; Schema: public; Owner: Goku
--

COPY public.posts_comment (id, created_at, updated_at, body, "like", dislike, upvote, created_by_id, sub_comments_id, post_id) FROM stdin;
2	2024-06-23 15:37:47.993867+05:30	2024-06-23 15:37:47.993867+05:30	looks ok to watch not disappointing !	\N	\N	\N	5	\N	2
4	2024-06-23 15:38:44.706866+05:30	2024-06-23 15:38:44.706866+05:30	link is not working please fixed it !!	\N	\N	\N	2	\N	3
5	2024-06-23 15:39:46.861378+05:30	2024-06-23 15:39:46.861378+05:30	another link is working fine go with that but u have to login first!	5	\N	2	5	4	3
6	2024-06-23 15:40:25.694632+05:30	2024-06-23 15:40:25.694632+05:30	nice series to watch	\N	\N	\N	3	\N	5
7	2024-06-23 15:41:01.151719+05:30	2024-06-23 15:41:01.151719+05:30	disappointed after watching	\N	\N	\N	5	\N	5
9	2024-06-23 15:42:17.687586+05:30	2024-06-23 15:42:17.687586+05:30	i am now waiting for the season 3 now !	\N	\N	\N	5	1	4
8	2024-06-23 15:41:28.203049+05:30	2024-06-25 20:10:55.620402+05:30	yes bro i agreed with u ! --updated	1	\N	\N	6	1	4
24	2024-06-25 22:15:47.102498+05:30	2024-06-25 22:15:47.102498+05:30	commet on the post 1 first post	\N	\N	\N	2	\N	1
25	2024-06-25 22:16:58.388566+05:30	2024-06-25 22:16:58.389647+05:30	reply on this comment	\N	\N	\N	2	24	1
26	2024-06-25 22:17:25.534371+05:30	2024-06-25 22:17:25.536871+05:30	reply on this comment second one	\N	\N	\N	2	24	1
27	2024-06-25 22:18:06.380221+05:30	2024-06-25 22:18:06.380221+05:30	what are u replying bro	\N	\N	\N	2	\N	1
29	2024-06-26 11:38:42.491612+05:30	2024-06-26 11:38:42.50343+05:30	reply on this comment ! nested one more level	\N	\N	\N	2	25	1
30	2024-06-26 13:00:33.904871+05:30	2024-06-26 13:00:33.914788+05:30	reply on this comment ! nested one more level another one level	\N	\N	\N	2	29	1
1	2024-06-23 15:37:07.925126+05:30	2024-06-26 14:36:18.947241+05:30	this is season is mind blowing!! loved it	100	\N	\N	4	\N	4
\.


--
-- Data for Name: posts_post; Type: TABLE DATA; Schema: public; Owner: Goku
--

COPY public.posts_post (id, created_at, updated_at, body, image, title, created_by_id, angry, dislike, "like", loved, ok) FROM stdin;
3	2024-06-23 15:31:02.24804+05:30	2024-06-23 15:31:02.24804+05:30	Download Ishq Vishk Rebound 2024 Hindi HDTS 1080p 720p & 480p x264 | [Drama] Full Movie.\r\nWatch Ishq Vishk Rebound Full Movie in Hindi Online Free on HDHub4u !	posts/images/shawn-lee-0sSJMTfLXUI-unsplash.jpg	Ishq Vishk Rebound (2024) HQ-HDTS Hindi (ORG-Line) 1080p 720p & 480p x264 | Full Movie	1	\N	\N	\N	\N	\N
4	2024-06-23 15:31:28.2769+05:30	2024-06-23 15:31:28.2769+05:30	Download Panchayat (Season 2) WEB-DL [Hindi DD5.1] 1080p 720p & 480p [x264/HEVC] HD | ALL Episodes [PrimeVideo Series]\r\nWatch Panchayat S02 in Hindi Online Free on HDHub4u !		Panchayat (Season 2) WEB-DL [Hindi DD5.1] 1080p 720p & 480p [x264/HEVC] HD | ALL Episodes [PrimeVideo Series]	1	\N	\N	\N	\N	\N
5	2024-06-23 15:32:29.439432+05:30	2024-06-23 15:32:29.439432+05:30	Download Better Call Saul (Season 6) Hindi (ORG 2.0) BluRay 1080p 720p & 480p Dual Audio Free Download.\r\nBetter Call Saul S06 All Episodes [Hindi (ORG 2.0) & English] | Watch Better Call Saul Season 6 TV Series Online !	posts/images/alexander-videnov-2-cvrZDeKnw-unsplash.jpg	Better Call Saul (Season 6) BluRay [Hindi (ORG 2.0) & English 5.1] 1080p 720p & 480p [x264/10Bit-HEVC] | [EP-10 Added !] | TVSeries	1	\N	\N	\N	\N	\N
6	2024-06-25 15:12:03.954177+05:30	2024-06-25 15:12:03.954177+05:30	Download House of the Dragon (Season 1-2) Dual Audio [Hindi-English] WEB Series available in 1080p, 720p & 480p Qualities For Your Mobile/tablet/Computer. This Series is based on Action, Adventure, Drama.	posts/images/markus-spiske-g5ZIXjzRGds-unsplash.jpg	Download House of the Dragon (Season 1-2) Dual Audio [Hindi-English] WEB Series 480p | 720p | 1080p BluRay MSubs [S02E02 Added]	3	\N	\N	\N	\N	\N
7	2024-06-25 15:27:42.333083+05:30	2024-06-25 15:27:42.333083+05:30	Download Defense of the Realm (1985) Dual Audio {Hindi-English} Movie available in 1080p, 720p & 480p Qualities For Your Mobile/tablet/Computer. This movie is based on Thriller.		Download Defense of the Realm (1985) Dual Audio {Hindi-English} Movie 480p | 720p | 1080p Bluray ESub	3	\N	\N	\N	\N	\N
8	2024-06-25 15:28:53.669602+05:30	2024-06-25 15:28:53.669602+05:30	✅Download Mr. Wrong (Season 01) Hindi Dubbed Web Series available in 1080p, 720p & 480p Qualities For Your Mobile/tablet/Computer. This series is based on Comedy, Romance.	posts/images/nathan-fertig-FBXuXp57eM0-unsplash.jpg	Download Mr. Wrong (Season 01) Hindi Dubbed Web Series 720p | 1080p WEB-DL ESub || [S01E16 Added]	3	\N	\N	\N	\N	\N
13	2024-06-25 16:23:06.544833+05:30	2024-06-25 16:23:06.544833+05:30	✅Download Mirzapur (Season 1 – 2) Hindi Amazon Prime WEB Series available in 1080p, 720p & 480p Qualities For Your Mobile/tablet/Computer. This series is based on Action, Crime, and Drama.	posts/images/vojtech-bruzek-Yrxr3bsPdS0-unsplash_BsLJOIK.jpg	Download Mirzapur (Season 1 – 2) Hindi Amazon Prime WEB Series 480p | 720p | 1080p | 2160p WEB-DL ESub	3	\N	\N	\N	\N	\N
21	2024-06-25 19:14:58.00432+05:30	2024-06-25 19:14:58.00432+05:30	✅Download Mirzapur (Season 1 – 2) Hindi Amazon Prime WEB Series available in 1080p, 720p & 480p Qualities For Your Mobile/tablet/Computer. This series is based on Action, Crime, and Drama.	posts/images/vojtech-bruzek-Yrxr3bsPdS0-unsplash_8xs28F6.jpg	Download Mirzapur (Season 1 – 2) Hindi Amazon Prime WEB Series 480p | 720p | 1080p | 2160p WEB-DL ESub	1	\N	\N	\N	\N	\N
2	2024-06-23 15:30:26.361065+05:30	2024-06-25 20:57:33.22561+05:30	vDownload Panchayat (Season 1) WEB-DL [Hindi DD5.1] 1080p 720p & 480p [x264/HEVC] HD | ALL Episodes [PrimeVideo Series]\r\nWatch Panchayat S01 in Hindi Online Free on HDHub4u !	posts/images/sasha-kaunas-xEaAoizNFV8-unsplash.jpg	Panchayat (Season 1) WEB-DL [Hindi DD5.1] 1080p 720p & 480p [x264/HEVC] HD | ALL Episodes [PrimeVideo Series]	1	\N	\N	2	\N	\N
1	2024-06-23 15:29:48.114874+05:30	2024-06-25 21:05:14.729524+05:30	Download Maharaj (2024) Hindi WEB-DL 1080p 720p & 480p x264 DD5.1 | [Drama] Full Movie.\r\nWatch Maharaj Full Movie in Hindi Online Free on HDHub4u !	posts/images/kenny-eliason-kdwahpWYfQo-unsplash.jpg	Maharaj (2024) WEB-DL [Hindi DD5.1] 1080p 720p & 480p [x264/HEVC] | Full Movie	1	100	100	200	200	100
\.


--
-- Data for Name: posts_thread; Type: TABLE DATA; Schema: public; Owner: Goku
--

COPY public.posts_thread (id, sub_url, post_id) FROM stdin;
1	better-call-saul-season-6-hindi-bluray-all-episode	5
2	panchayat-season-2-hindi-webrip-all-episodes	4
3	maharaj-2024-hindi-webrip-full-movie	1
4	panchayat-season-1-hindi-webrip-all-episodes	2
5	ishq-vishk-rebound-2024-hdts-full-movie	3
6	house-of-the-dragon-season-1-dual-audio-hindi-engl	6
7	defense-of-the-realm-1985-dual-audio-hindi-english	7
8	mr-wrong-s01-hindi-dubbed-web-series	8
13	mirzapur-hindi-web-series	13
16	mirzapur-hindi-web-series	21
\.


--
-- Data for Name: user_follower; Type: TABLE DATA; Schema: public; Owner: Goku
--

COPY public.user_follower (id, followed_at, follower_id, user_id) FROM stdin;
\.


--
-- Data for Name: user_user; Type: TABLE DATA; Schema: public; Owner: Goku
--

COPY public.user_user (id, password, last_login, is_superuser, username, first_name, last_name, email, is_staff, is_active, date_joined, role, profile, biography, website_url, website_name) FROM stdin;
4	pbkdf2_sha256$720000$hpRn1wfPBEymWKtIX3lIXr$AH3nE8oauZeAe6cHJ+pSXESrEIsldlNSf/0cqvqj54M=	\N	f	Commenters3		One	commenter1@example.com	f	t	2024-06-23 15:26:15.38735+05:30	COMT		\N	\N	\N
5	pbkdf2_sha256$720000$mIWdrxxCOsXoYoUbS59k5e$dhWV2G/2SU6b7cuFh0jFYMfL095+dtCTPx4PKbzQij4=	\N	f	Commenter4		Two	commenter2@example.com	f	t	2024-06-23 15:26:15.650806+05:30	COMT		\N	\N	\N
2	pbkdf2_sha256$720000$Kr3ewJIWNg8kgQJCiqtu8k$5t5xYqrtrTb6uyI/efLnSrpsxpChRA5jHaUmDMiDHq0=	\N	t	Publisher1		One	publisher1@example.com	t	t	2024-06-23 15:26:14+05:30	PUB		\N	http://127.0.0.1:8000/posts/	hdhub
3	pbkdf2_sha256$720000$rKAyEUDafFBJKWlmeB2Y1Z$rjbEQDtEzlc/FRSggVlMabYVHJILN29pbFtjaJLAO8g=	\N	t	Publisher2		Two	publisher2@example.com	t	t	2024-06-23 15:26:15+05:30	PUB		\N	http://127.0.0.1:8000/posts/	bollyflix
6		\N	f	test				f	t	2024-06-24 12:23:56.244763+05:30	PUB		\N	\N	\N
7		\N	f	test1				f	t	2024-06-24 12:25:58.958045+05:30	PUB		\N	http://127.0.0.1:8000/users/create-publisher/	\N
9		\N	f	test3			test2@gmail.com	f	t	2024-06-24 12:35:20.933912+05:30	PUB		\N	http://127.0.0.1:8000/users/create-publisher/	\N
10		\N	f	test4				f	t	2024-06-24 12:35:37.438932+05:30	PUB		\N	http://127.0.0.1:8000/users/create-publisher/	\N
11	!KRbgOKyXcYFXqU9GvVk2dVcdKpVx8ZGpnssM4dRy	\N	f	updated			abc@gmail.com	f	t	2024-06-24 12:37:11.196405+05:30	PUB		\N	http://127.0.0.1:8000/users/create-publisher/	\N
1	pbkdf2_sha256$720000$qrrukNJNOZgF2JYEsmNVGw$b9aePdZaFQ3OLWvd7OlMls1Q2cXiPHvjUe6Z97nu3Pk=	2024-06-26 01:16:08.227109+05:30	t	rahul			rahul@123gmail.com	t	t	2024-06-23 15:26:14+05:30	PUB		\N	https://hdhub4u.wales/	funonline
\.


--
-- Data for Name: user_user_groups; Type: TABLE DATA; Schema: public; Owner: Goku
--

COPY public.user_user_groups (id, user_id, group_id) FROM stdin;
\.


--
-- Data for Name: user_user_user_permissions; Type: TABLE DATA; Schema: public; Owner: Goku
--

COPY public.user_user_user_permissions (id, user_id, permission_id) FROM stdin;
\.


--
-- Name: auth_group_id_seq; Type: SEQUENCE SET; Schema: public; Owner: Goku
--

SELECT pg_catalog.setval('public.auth_group_id_seq', 1, false);


--
-- Name: auth_group_permissions_id_seq; Type: SEQUENCE SET; Schema: public; Owner: Goku
--

SELECT pg_catalog.setval('public.auth_group_permissions_id_seq', 1, false);


--
-- Name: auth_permission_id_seq; Type: SEQUENCE SET; Schema: public; Owner: Goku
--

SELECT pg_catalog.setval('public.auth_permission_id_seq', 56, true);


--
-- Name: django_admin_log_id_seq; Type: SEQUENCE SET; Schema: public; Owner: Goku
--

SELECT pg_catalog.setval('public.django_admin_log_id_seq', 54, true);


--
-- Name: django_content_type_id_seq; Type: SEQUENCE SET; Schema: public; Owner: Goku
--

SELECT pg_catalog.setval('public.django_content_type_id_seq', 14, true);


--
-- Name: django_migrations_id_seq; Type: SEQUENCE SET; Schema: public; Owner: Goku
--

SELECT pg_catalog.setval('public.django_migrations_id_seq', 29, true);


--
-- Name: posts_comment_id_seq; Type: SEQUENCE SET; Schema: public; Owner: Goku
--

SELECT pg_catalog.setval('public.posts_comment_id_seq', 30, true);


--
-- Name: posts_post_id_seq; Type: SEQUENCE SET; Schema: public; Owner: Goku
--

SELECT pg_catalog.setval('public.posts_post_id_seq', 22, true);


--
-- Name: posts_thread_id_seq; Type: SEQUENCE SET; Schema: public; Owner: Goku
--

SELECT pg_catalog.setval('public.posts_thread_id_seq', 16, true);


--
-- Name: user_follower_id_seq; Type: SEQUENCE SET; Schema: public; Owner: Goku
--

SELECT pg_catalog.setval('public.user_follower_id_seq', 1, false);


--
-- Name: user_user_groups_id_seq; Type: SEQUENCE SET; Schema: public; Owner: Goku
--

SELECT pg_catalog.setval('public.user_user_groups_id_seq', 1, false);


--
-- Name: user_user_id_seq; Type: SEQUENCE SET; Schema: public; Owner: Goku
--

SELECT pg_catalog.setval('public.user_user_id_seq', 11, true);


--
-- Name: user_user_user_permissions_id_seq; Type: SEQUENCE SET; Schema: public; Owner: Goku
--

SELECT pg_catalog.setval('public.user_user_user_permissions_id_seq', 1, false);


--
-- Name: auth_group auth_group_name_key; Type: CONSTRAINT; Schema: public; Owner: Goku
--

ALTER TABLE ONLY public.auth_group
    ADD CONSTRAINT auth_group_name_key UNIQUE (name);


--
-- Name: auth_group_permissions auth_group_permissions_group_id_permission_id_0cd325b0_uniq; Type: CONSTRAINT; Schema: public; Owner: Goku
--

ALTER TABLE ONLY public.auth_group_permissions
    ADD CONSTRAINT auth_group_permissions_group_id_permission_id_0cd325b0_uniq UNIQUE (group_id, permission_id);


--
-- Name: auth_group_permissions auth_group_permissions_pkey; Type: CONSTRAINT; Schema: public; Owner: Goku
--

ALTER TABLE ONLY public.auth_group_permissions
    ADD CONSTRAINT auth_group_permissions_pkey PRIMARY KEY (id);


--
-- Name: auth_group auth_group_pkey; Type: CONSTRAINT; Schema: public; Owner: Goku
--

ALTER TABLE ONLY public.auth_group
    ADD CONSTRAINT auth_group_pkey PRIMARY KEY (id);


--
-- Name: auth_permission auth_permission_content_type_id_codename_01ab375a_uniq; Type: CONSTRAINT; Schema: public; Owner: Goku
--

ALTER TABLE ONLY public.auth_permission
    ADD CONSTRAINT auth_permission_content_type_id_codename_01ab375a_uniq UNIQUE (content_type_id, codename);


--
-- Name: auth_permission auth_permission_pkey; Type: CONSTRAINT; Schema: public; Owner: Goku
--

ALTER TABLE ONLY public.auth_permission
    ADD CONSTRAINT auth_permission_pkey PRIMARY KEY (id);


--
-- Name: authtoken_token authtoken_token_pkey; Type: CONSTRAINT; Schema: public; Owner: Goku
--

ALTER TABLE ONLY public.authtoken_token
    ADD CONSTRAINT authtoken_token_pkey PRIMARY KEY (key);


--
-- Name: authtoken_token authtoken_token_user_id_key; Type: CONSTRAINT; Schema: public; Owner: Goku
--

ALTER TABLE ONLY public.authtoken_token
    ADD CONSTRAINT authtoken_token_user_id_key UNIQUE (user_id);


--
-- Name: django_admin_log django_admin_log_pkey; Type: CONSTRAINT; Schema: public; Owner: Goku
--

ALTER TABLE ONLY public.django_admin_log
    ADD CONSTRAINT django_admin_log_pkey PRIMARY KEY (id);


--
-- Name: django_content_type django_content_type_app_label_model_76bd3d3b_uniq; Type: CONSTRAINT; Schema: public; Owner: Goku
--

ALTER TABLE ONLY public.django_content_type
    ADD CONSTRAINT django_content_type_app_label_model_76bd3d3b_uniq UNIQUE (app_label, model);


--
-- Name: django_content_type django_content_type_pkey; Type: CONSTRAINT; Schema: public; Owner: Goku
--

ALTER TABLE ONLY public.django_content_type
    ADD CONSTRAINT django_content_type_pkey PRIMARY KEY (id);


--
-- Name: django_migrations django_migrations_pkey; Type: CONSTRAINT; Schema: public; Owner: Goku
--

ALTER TABLE ONLY public.django_migrations
    ADD CONSTRAINT django_migrations_pkey PRIMARY KEY (id);


--
-- Name: django_session django_session_pkey; Type: CONSTRAINT; Schema: public; Owner: Goku
--

ALTER TABLE ONLY public.django_session
    ADD CONSTRAINT django_session_pkey PRIMARY KEY (session_key);


--
-- Name: posts_comment posts_comment_pkey; Type: CONSTRAINT; Schema: public; Owner: Goku
--

ALTER TABLE ONLY public.posts_comment
    ADD CONSTRAINT posts_comment_pkey PRIMARY KEY (id);


--
-- Name: posts_post posts_post_pkey; Type: CONSTRAINT; Schema: public; Owner: Goku
--

ALTER TABLE ONLY public.posts_post
    ADD CONSTRAINT posts_post_pkey PRIMARY KEY (id);


--
-- Name: posts_thread posts_thread_pkey; Type: CONSTRAINT; Schema: public; Owner: Goku
--

ALTER TABLE ONLY public.posts_thread
    ADD CONSTRAINT posts_thread_pkey PRIMARY KEY (id);


--
-- Name: user_follower user_follower_pkey; Type: CONSTRAINT; Schema: public; Owner: Goku
--

ALTER TABLE ONLY public.user_follower
    ADD CONSTRAINT user_follower_pkey PRIMARY KEY (id);


--
-- Name: user_follower user_follower_user_id_follower_id_a6131394_uniq; Type: CONSTRAINT; Schema: public; Owner: Goku
--

ALTER TABLE ONLY public.user_follower
    ADD CONSTRAINT user_follower_user_id_follower_id_a6131394_uniq UNIQUE (user_id, follower_id);


--
-- Name: user_user_groups user_user_groups_pkey; Type: CONSTRAINT; Schema: public; Owner: Goku
--

ALTER TABLE ONLY public.user_user_groups
    ADD CONSTRAINT user_user_groups_pkey PRIMARY KEY (id);


--
-- Name: user_user_groups user_user_groups_user_id_group_id_bb60391f_uniq; Type: CONSTRAINT; Schema: public; Owner: Goku
--

ALTER TABLE ONLY public.user_user_groups
    ADD CONSTRAINT user_user_groups_user_id_group_id_bb60391f_uniq UNIQUE (user_id, group_id);


--
-- Name: user_user user_user_pkey; Type: CONSTRAINT; Schema: public; Owner: Goku
--

ALTER TABLE ONLY public.user_user
    ADD CONSTRAINT user_user_pkey PRIMARY KEY (id);


--
-- Name: user_user_user_permissions user_user_user_permissions_pkey; Type: CONSTRAINT; Schema: public; Owner: Goku
--

ALTER TABLE ONLY public.user_user_user_permissions
    ADD CONSTRAINT user_user_user_permissions_pkey PRIMARY KEY (id);


--
-- Name: user_user_user_permissions user_user_user_permissions_user_id_permission_id_64f4d5b8_uniq; Type: CONSTRAINT; Schema: public; Owner: Goku
--

ALTER TABLE ONLY public.user_user_user_permissions
    ADD CONSTRAINT user_user_user_permissions_user_id_permission_id_64f4d5b8_uniq UNIQUE (user_id, permission_id);


--
-- Name: user_user user_user_username_key; Type: CONSTRAINT; Schema: public; Owner: Goku
--

ALTER TABLE ONLY public.user_user
    ADD CONSTRAINT user_user_username_key UNIQUE (username);


--
-- Name: auth_group_name_a6ea08ec_like; Type: INDEX; Schema: public; Owner: Goku
--

CREATE INDEX auth_group_name_a6ea08ec_like ON public.auth_group USING btree (name varchar_pattern_ops);


--
-- Name: auth_group_permissions_group_id_b120cbf9; Type: INDEX; Schema: public; Owner: Goku
--

CREATE INDEX auth_group_permissions_group_id_b120cbf9 ON public.auth_group_permissions USING btree (group_id);


--
-- Name: auth_group_permissions_permission_id_84c5c92e; Type: INDEX; Schema: public; Owner: Goku
--

CREATE INDEX auth_group_permissions_permission_id_84c5c92e ON public.auth_group_permissions USING btree (permission_id);


--
-- Name: auth_permission_content_type_id_2f476e4b; Type: INDEX; Schema: public; Owner: Goku
--

CREATE INDEX auth_permission_content_type_id_2f476e4b ON public.auth_permission USING btree (content_type_id);


--
-- Name: authtoken_token_key_10f0b77e_like; Type: INDEX; Schema: public; Owner: Goku
--

CREATE INDEX authtoken_token_key_10f0b77e_like ON public.authtoken_token USING btree (key varchar_pattern_ops);


--
-- Name: django_admin_log_content_type_id_c4bce8eb; Type: INDEX; Schema: public; Owner: Goku
--

CREATE INDEX django_admin_log_content_type_id_c4bce8eb ON public.django_admin_log USING btree (content_type_id);


--
-- Name: django_admin_log_user_id_c564eba6; Type: INDEX; Schema: public; Owner: Goku
--

CREATE INDEX django_admin_log_user_id_c564eba6 ON public.django_admin_log USING btree (user_id);


--
-- Name: django_session_expire_date_a5c62663; Type: INDEX; Schema: public; Owner: Goku
--

CREATE INDEX django_session_expire_date_a5c62663 ON public.django_session USING btree (expire_date);


--
-- Name: django_session_session_key_c0390e0f_like; Type: INDEX; Schema: public; Owner: Goku
--

CREATE INDEX django_session_session_key_c0390e0f_like ON public.django_session USING btree (session_key varchar_pattern_ops);


--
-- Name: posts_comment_created_by_id_f6202d7b; Type: INDEX; Schema: public; Owner: Goku
--

CREATE INDEX posts_comment_created_by_id_f6202d7b ON public.posts_comment USING btree (created_by_id);


--
-- Name: posts_comment_post_id_e81436d7; Type: INDEX; Schema: public; Owner: Goku
--

CREATE INDEX posts_comment_post_id_e81436d7 ON public.posts_comment USING btree (post_id);


--
-- Name: posts_comment_sub_comments_id_6e1f66e4; Type: INDEX; Schema: public; Owner: Goku
--

CREATE INDEX posts_comment_sub_comments_id_6e1f66e4 ON public.posts_comment USING btree (sub_comments_id);


--
-- Name: posts_post_created_by_id_2e5f1620; Type: INDEX; Schema: public; Owner: Goku
--

CREATE INDEX posts_post_created_by_id_2e5f1620 ON public.posts_post USING btree (created_by_id);


--
-- Name: posts_thread_post_id_88c8e365; Type: INDEX; Schema: public; Owner: Goku
--

CREATE INDEX posts_thread_post_id_88c8e365 ON public.posts_thread USING btree (post_id);


--
-- Name: posts_thread_sub_url_d1cb4010; Type: INDEX; Schema: public; Owner: Goku
--

CREATE INDEX posts_thread_sub_url_d1cb4010 ON public.posts_thread USING btree (sub_url);


--
-- Name: posts_thread_sub_url_d1cb4010_like; Type: INDEX; Schema: public; Owner: Goku
--

CREATE INDEX posts_thread_sub_url_d1cb4010_like ON public.posts_thread USING btree (sub_url varchar_pattern_ops);


--
-- Name: user_follower_follower_id_e7196215; Type: INDEX; Schema: public; Owner: Goku
--

CREATE INDEX user_follower_follower_id_e7196215 ON public.user_follower USING btree (follower_id);


--
-- Name: user_follower_user_id_865359ce; Type: INDEX; Schema: public; Owner: Goku
--

CREATE INDEX user_follower_user_id_865359ce ON public.user_follower USING btree (user_id);


--
-- Name: user_user_groups_group_id_c57f13c0; Type: INDEX; Schema: public; Owner: Goku
--

CREATE INDEX user_user_groups_group_id_c57f13c0 ON public.user_user_groups USING btree (group_id);


--
-- Name: user_user_groups_user_id_13f9a20d; Type: INDEX; Schema: public; Owner: Goku
--

CREATE INDEX user_user_groups_user_id_13f9a20d ON public.user_user_groups USING btree (user_id);


--
-- Name: user_user_user_permissions_permission_id_ce49d4de; Type: INDEX; Schema: public; Owner: Goku
--

CREATE INDEX user_user_user_permissions_permission_id_ce49d4de ON public.user_user_user_permissions USING btree (permission_id);


--
-- Name: user_user_user_permissions_user_id_31782f58; Type: INDEX; Schema: public; Owner: Goku
--

CREATE INDEX user_user_user_permissions_user_id_31782f58 ON public.user_user_user_permissions USING btree (user_id);


--
-- Name: user_user_username_e2bdfe0c_like; Type: INDEX; Schema: public; Owner: Goku
--

CREATE INDEX user_user_username_e2bdfe0c_like ON public.user_user USING btree (username varchar_pattern_ops);


--
-- Name: auth_group_permissions auth_group_permissio_permission_id_84c5c92e_fk_auth_perm; Type: FK CONSTRAINT; Schema: public; Owner: Goku
--

ALTER TABLE ONLY public.auth_group_permissions
    ADD CONSTRAINT auth_group_permissio_permission_id_84c5c92e_fk_auth_perm FOREIGN KEY (permission_id) REFERENCES public.auth_permission(id) DEFERRABLE INITIALLY DEFERRED;


--
-- Name: auth_group_permissions auth_group_permissions_group_id_b120cbf9_fk_auth_group_id; Type: FK CONSTRAINT; Schema: public; Owner: Goku
--

ALTER TABLE ONLY public.auth_group_permissions
    ADD CONSTRAINT auth_group_permissions_group_id_b120cbf9_fk_auth_group_id FOREIGN KEY (group_id) REFERENCES public.auth_group(id) DEFERRABLE INITIALLY DEFERRED;


--
-- Name: auth_permission auth_permission_content_type_id_2f476e4b_fk_django_co; Type: FK CONSTRAINT; Schema: public; Owner: Goku
--

ALTER TABLE ONLY public.auth_permission
    ADD CONSTRAINT auth_permission_content_type_id_2f476e4b_fk_django_co FOREIGN KEY (content_type_id) REFERENCES public.django_content_type(id) DEFERRABLE INITIALLY DEFERRED;


--
-- Name: authtoken_token authtoken_token_user_id_35299eff_fk_user_user_id; Type: FK CONSTRAINT; Schema: public; Owner: Goku
--

ALTER TABLE ONLY public.authtoken_token
    ADD CONSTRAINT authtoken_token_user_id_35299eff_fk_user_user_id FOREIGN KEY (user_id) REFERENCES public.user_user(id) DEFERRABLE INITIALLY DEFERRED;


--
-- Name: django_admin_log django_admin_log_content_type_id_c4bce8eb_fk_django_co; Type: FK CONSTRAINT; Schema: public; Owner: Goku
--

ALTER TABLE ONLY public.django_admin_log
    ADD CONSTRAINT django_admin_log_content_type_id_c4bce8eb_fk_django_co FOREIGN KEY (content_type_id) REFERENCES public.django_content_type(id) DEFERRABLE INITIALLY DEFERRED;


--
-- Name: django_admin_log django_admin_log_user_id_c564eba6_fk_user_user_id; Type: FK CONSTRAINT; Schema: public; Owner: Goku
--

ALTER TABLE ONLY public.django_admin_log
    ADD CONSTRAINT django_admin_log_user_id_c564eba6_fk_user_user_id FOREIGN KEY (user_id) REFERENCES public.user_user(id) DEFERRABLE INITIALLY DEFERRED;


--
-- Name: posts_comment posts_comment_created_by_id_f6202d7b_fk_user_user_id; Type: FK CONSTRAINT; Schema: public; Owner: Goku
--

ALTER TABLE ONLY public.posts_comment
    ADD CONSTRAINT posts_comment_created_by_id_f6202d7b_fk_user_user_id FOREIGN KEY (created_by_id) REFERENCES public.user_user(id) DEFERRABLE INITIALLY DEFERRED;


--
-- Name: posts_comment posts_comment_post_id_e81436d7_fk_posts_post_id; Type: FK CONSTRAINT; Schema: public; Owner: Goku
--

ALTER TABLE ONLY public.posts_comment
    ADD CONSTRAINT posts_comment_post_id_e81436d7_fk_posts_post_id FOREIGN KEY (post_id) REFERENCES public.posts_post(id) DEFERRABLE INITIALLY DEFERRED;


--
-- Name: posts_comment posts_comment_sub_comments_id_6e1f66e4_fk_posts_comment_id; Type: FK CONSTRAINT; Schema: public; Owner: Goku
--

ALTER TABLE ONLY public.posts_comment
    ADD CONSTRAINT posts_comment_sub_comments_id_6e1f66e4_fk_posts_comment_id FOREIGN KEY (sub_comments_id) REFERENCES public.posts_comment(id) DEFERRABLE INITIALLY DEFERRED;


--
-- Name: posts_post posts_post_created_by_id_2e5f1620_fk_user_user_id; Type: FK CONSTRAINT; Schema: public; Owner: Goku
--

ALTER TABLE ONLY public.posts_post
    ADD CONSTRAINT posts_post_created_by_id_2e5f1620_fk_user_user_id FOREIGN KEY (created_by_id) REFERENCES public.user_user(id) DEFERRABLE INITIALLY DEFERRED;


--
-- Name: posts_thread posts_thread_post_id_88c8e365_fk_posts_post_id; Type: FK CONSTRAINT; Schema: public; Owner: Goku
--

ALTER TABLE ONLY public.posts_thread
    ADD CONSTRAINT posts_thread_post_id_88c8e365_fk_posts_post_id FOREIGN KEY (post_id) REFERENCES public.posts_post(id) DEFERRABLE INITIALLY DEFERRED;


--
-- Name: user_follower user_follower_follower_id_e7196215_fk_user_user_id; Type: FK CONSTRAINT; Schema: public; Owner: Goku
--

ALTER TABLE ONLY public.user_follower
    ADD CONSTRAINT user_follower_follower_id_e7196215_fk_user_user_id FOREIGN KEY (follower_id) REFERENCES public.user_user(id) DEFERRABLE INITIALLY DEFERRED;


--
-- Name: user_follower user_follower_user_id_865359ce_fk_user_user_id; Type: FK CONSTRAINT; Schema: public; Owner: Goku
--

ALTER TABLE ONLY public.user_follower
    ADD CONSTRAINT user_follower_user_id_865359ce_fk_user_user_id FOREIGN KEY (user_id) REFERENCES public.user_user(id) DEFERRABLE INITIALLY DEFERRED;


--
-- Name: user_user_groups user_user_groups_group_id_c57f13c0_fk_auth_group_id; Type: FK CONSTRAINT; Schema: public; Owner: Goku
--

ALTER TABLE ONLY public.user_user_groups
    ADD CONSTRAINT user_user_groups_group_id_c57f13c0_fk_auth_group_id FOREIGN KEY (group_id) REFERENCES public.auth_group(id) DEFERRABLE INITIALLY DEFERRED;


--
-- Name: user_user_groups user_user_groups_user_id_13f9a20d_fk_user_user_id; Type: FK CONSTRAINT; Schema: public; Owner: Goku
--

ALTER TABLE ONLY public.user_user_groups
    ADD CONSTRAINT user_user_groups_user_id_13f9a20d_fk_user_user_id FOREIGN KEY (user_id) REFERENCES public.user_user(id) DEFERRABLE INITIALLY DEFERRED;


--
-- Name: user_user_user_permissions user_user_user_permi_permission_id_ce49d4de_fk_auth_perm; Type: FK CONSTRAINT; Schema: public; Owner: Goku
--

ALTER TABLE ONLY public.user_user_user_permissions
    ADD CONSTRAINT user_user_user_permi_permission_id_ce49d4de_fk_auth_perm FOREIGN KEY (permission_id) REFERENCES public.auth_permission(id) DEFERRABLE INITIALLY DEFERRED;


--
-- Name: user_user_user_permissions user_user_user_permissions_user_id_31782f58_fk_user_user_id; Type: FK CONSTRAINT; Schema: public; Owner: Goku
--

ALTER TABLE ONLY public.user_user_user_permissions
    ADD CONSTRAINT user_user_user_permissions_user_id_31782f58_fk_user_user_id FOREIGN KEY (user_id) REFERENCES public.user_user(id) DEFERRABLE INITIALLY DEFERRED;


--
-- PostgreSQL database dump complete
--

